Compound name,Injection time,Peak mass,Error to closest theory mass (ppm),Closest theory mass,Ligand count,Relative labelling
WAR-XCH-79d12f6e-6,3.0,33796.15030255664,4.281458763244388,33796.295000000035,0,0.0
WAR-XCH-79d12f6e-6,3.0,33818.35783616286,652.8181909533564,33796.295000000035,0,0.0
WAR-XCH-79d12f6e-6,3.0,34034.33379427475,1651.4274574106191,34090.632000000034,1,0.0
WAR-XCH-79d12f6e-6,3.0,34091.205599790985,16.825730627420988,34090.632000000034,1,23.864785400505074
WAR-XCH-79d12f6e-6,3.0,34110.92919052555,595.3890947377588,34090.632000000034,1,0.0
WAR-XCH-79d12f6e-6,60.0,33811.116401818676,438.5510843316069,33796.295000000035,0,0.0
WAR-XCH-79d12f6e-6,60.0,33828.399026540785,949.9273970933803,33796.295000000035,0,0.0
WAR-XCH-79d12f6e-6,60.0,34077.148593874364,395.51646111077383,34090.632000000034,1,0.0
WAR-XCH-79d12f6e-6,60.0,34090.82934736642,5.788903132957301,34090.632000000034,1,95.80162059680346
WAR-XCH-79d12f6e-6,60.0,34111.998704929596,626.7617722534977,34090.632000000034,1,0.0
WAR-XCH-79d12f6e-6,60.0,34132.942630402176,1241.1219129684096,34090.632000000034,1,0.0
WAR-XCH-79d12f6e-6,60.0,34421.76612006843,1070.1513230503967,34384.969000000034,2,0.0
WAR-XCH-79d12f6e-6,60.0,34505.52120137713,3505.956378122569,34384.969000000034,2,0.0
WAR-XCH-79d12f6e-6,180.0,33829.27502647676,975.847396193146,33796.295000000035,0,0.0
WAR-XCH-79d12f6e-6,180.0,34046.336344330535,1299.3497940870946,34090.632000000034,1,0.0
WAR-XCH-79d12f6e-6,180.0,34073.6089149247,499.34788757615195,34090.632000000034,1,0.0
WAR-XCH-79d12f6e-6,180.0,34091.15645123226,15.384027853289334,34090.632000000034,1,91.45138205033822
WAR-XCH-79d12f6e-6,180.0,34100.99370673834,303.94586812908847,34090.632000000034,1,0.0
WAR-XCH-79d12f6e-6,180.0,34129.80129166042,1148.975227575307,34090.632000000034,1,0.0
WAR-XCH-79d12f6e-6,180.0,34421.63441925515,1066.3211374456691,34384.969000000034,2,0.0
WAR-XCH-79d12f6e-6,180.0,34503.97873710736,3461.097699617756,34384.969000000034,2,0.0
WAR-XCH-79d12f6e-6,3.48,33796.20909959286,2.541710775555686,33796.295000000035,0,0.0
WAR-XCH-79d12f6e-6,3.48,33816.47550210691,597.1217290792418,33796.295000000035,0,0.0
WAR-XCH-79d12f6e-6,3.48,34089.769954802265,25.28686466620727,34090.632000000034,1,25.616314111205757
WAR-XCH-79d12f6e-6,3.48,34214.11571857184,3622.218519498435,34090.632000000034,1,0.0
WAR-XCH-79d12f6e-6,60.47,33795.0985019357,35.40323175459128,33796.295000000035,0,0.0
WAR-XCH-79d12f6e-6,60.47,33810.07219374306,407.6539674843794,33796.295000000035,0,0.0
WAR-XCH-79d12f6e-6,60.47,33827.41693566048,920.8682685616504,33796.295000000035,0,0.0
WAR-XCH-79d12f6e-6,60.47,34046.52015546803,1293.9579568956813,34090.632000000034,1,0.0
WAR-XCH-79d12f6e-6,60.47,34072.66111653164,527.1501997496418,34090.632000000034,1,0.0
WAR-XCH-79d12f6e-6,60.47,34091.05867265742,12.51583301196022,34090.632000000034,1,97.2590435626732
WAR-XCH-79d12f6e-6,60.47,34098.118983988796,219.61998207488458,34090.632000000034,1,0.0
WAR-XCH-79d12f6e-6,60.47,34111.73969272019,619.1640190230994,34090.632000000034,1,0.0
WAR-XCH-79d12f6e-6,60.47,34136.57871514703,1347.7812657446286,34090.632000000034,1,0.0
WAR-XCH-79d12f6e-6,60.47,34156.421729523885,1929.847751835483,34090.632000000034,1,0.0
WAR-XCH-79d12f6e-6,60.47,34421.8159356089,1071.600082258851,34384.969000000034,2,0.0
WAR-XCH-79d12f6e-6,60.47,34506.521275918785,3535.041020940034,34384.969000000034,2,0.0
WAR-XCH-79d12f6e-6,180.47,33829.18363357876,973.1431678746046,33796.295000000035,0,0.0
WAR-XCH-79d12f6e-6,180.47,34073.61950054323,499.03737357533237,34090.632000000034,1,0.0
WAR-XCH-79d12f6e-6,180.47,34091.15438513384,15.323421807161305,34090.632000000034,1,90.17546448256986
WAR-XCH-79d12f6e-6,180.47,34111.636957420276,616.1504257310957,34090.632000000034,1,0.0
WAR-XCH-79d12f6e-6,180.47,34121.579146614306,907.7903458718894,34090.632000000034,1,0.0
WAR-XCH-79d12f6e-6,180.47,34421.59411945801,1065.1491196043964,34384.969000000034,2,0.0
WAR-XCH-79d12f6e-6,180.47,34502.09886813339,3406.4264572510524,34384.969000000034,2,0.0
SIM-SYN-f15aaa3a-1,4.19,33795.90201373067,11.628087320286262,33796.295000000035,0,0.0
SIM-SYN-f15aaa3a-1,4.19,33828.674119355856,958.0671300159039,33796.295000000035,0,0.0
SIM-SYN-f15aaa3a-1,4.19,34088.702981790884,1.9062595240335791,34088.638000000035,1,82.53790922948949
SIM-SYN-f15aaa3a-1,4.19,34108.90687338697,594.5932303583469,34088.638000000035,1,0.0
SIM-SYN-f15aaa3a-1,4.19,34502.96665709038,3548.056324813503,34380.981000000036,2,0.0
SIM-SYN-f15aaa3a-1,61.17,33828.74971555516,960.3039491496414,33796.295000000035,0,0.0
SIM-SYN-f15aaa3a-1,61.17,34087.700062932614,27.51465363390122,34088.638000000035,1,91.19607197749963
SIM-SYN-f15aaa3a-1,61.17,34094.147197577855,161.6138954516039,34088.638000000035,1,0.0
SIM-SYN-f15aaa3a-1,61.17,34109.25098379747,604.6878082203441,34088.638000000035,1,0.0
SIM-SYN-f15aaa3a-1,61.17,34126.54841150004,1112.1128248071443,34088.638000000035,1,0.0
SIM-SYN-f15aaa3a-1,61.17,34147.173970736825,1717.1695371575036,34088.638000000035,1,0.0
SIM-SYN-f15aaa3a-1,61.17,34502.420753543716,3532.1782570334453,34380.981000000036,2,0.0
SIM-SYN-f15aaa3a-1,181.18,33828.10310375537,941.1713252986669,33796.295000000035,0,0.0
SIM-SYN-f15aaa3a-1,181.18,34086.866681357016,51.962141843836164,34088.638000000035,1,92.11621125863878
SIM-SYN-f15aaa3a-1,181.18,34094.280997952286,165.5389679180164,34088.638000000035,1,0.0
SIM-SYN-f15aaa3a-1,181.18,34108.8611859297,593.2529756591094,34088.638000000035,1,0.0
SIM-SYN-f15aaa3a-1,181.18,34122.613034574715,996.6674108446251,34088.638000000035,1,0.0
SIM-SYN-f15aaa3a-1,181.18,34144.59662785971,1641.5624425850087,34088.638000000035,1,0.0
SIM-SYN-f15aaa3a-1,181.18,34503.431747857336,3561.583884337083,34380.981000000036,2,0.0
SIM-SYN-f15aaa3a-1,4.66,33795.90970454744,11.4005234181353,33796.295000000035,0,0.0
SIM-SYN-f15aaa3a-1,4.66,33828.26698497344,946.0204135809216,33796.295000000035,0,0.0
SIM-SYN-f15aaa3a-1,4.66,34088.72353691469,2.5092499926819825,34088.638000000035,1,82.92494155174765
SIM-SYN-f15aaa3a-1,4.66,34109.97871610684,626.036044819466,34088.638000000035,1,0.0
SIM-SYN-f15aaa3a-1,4.66,34129.944239844,1211.7304259549799,34088.638000000035,1,0.0
SIM-SYN-f15aaa3a-1,4.66,34502.902521085365,3546.19087469694,34380.981000000036,2,0.0
SIM-SYN-f15aaa3a-1,61.66,33826.73452907669,900.6765113351961,33796.295000000035,0,0.0
SIM-SYN-f15aaa3a-1,61.66,34049.95208221015,1134.8625248649626,34088.638000000035,1,0.0
SIM-SYN-f15aaa3a-1,61.66,34089.567495559204,27.26701956143191,34088.638000000035,1,92.76289337463825
SIM-SYN-f15aaa3a-1,61.66,34126.04886411488,1097.458458587913,34088.638000000035,1,0.0
SIM-SYN-f15aaa3a-1,61.66,34151.06941388096,1831.4434821634018,34088.638000000035,1,0.0
SIM-SYN-f15aaa3a-1,181.66,33828.683020769575,958.3305143223578,33796.295000000035,0,0.0
SIM-SYN-f15aaa3a-1,181.66,34006.73343634876,2402.69393137017,34088.638000000035,1,0.0
SIM-SYN-f15aaa3a-1,181.66,34077.47375137408,327.50644440411054,34088.638000000035,1,0.0
SIM-SYN-f15aaa3a-1,181.66,34089.574731636945,27.479291983147736,34088.638000000035,1,93.56720888751643
SIM-SYN-f15aaa3a-1,181.66,34110.91068176916,653.3755255672527,34088.638000000035,1,0.0
SIM-SYN-f15aaa3a-1,181.66,34501.83885993916,3515.253387886915,34380.981000000036,2,0.0
AAR-POS-d2a4d1df-35,5.36,33796.02113673541,8.103351702352818,33796.295000000035,0,0.0
AAR-POS-d2a4d1df-35,5.36,33827.36481394759,919.3260369977564,33796.295000000035,0,0.0
AAR-POS-d2a4d1df-35,5.36,34046.558178535,12.536248511769312,34046.98500000004,1,74.68236670347072
AAR-POS-d2a4d1df-35,5.36,34067.567594404114,604.5350096073728,34046.98500000004,1,0.0
AAR-POS-d2a4d1df-35,5.36,34086.50936250467,1160.877020524285,34046.98500000004,1,0.0
AAR-POS-d2a4d1df-35,5.36,34460.840024195735,2533.40428134006,34548.365000000034,3,0.0
AAR-POS-d2a4d1df-35,62.36,33829.29131731696,976.3294265517416,33796.295000000035,0,0.0
AAR-POS-d2a4d1df-35,62.36,34047.04020838445,1.621535193671082,34046.98500000004,1,93.8904979776109
AAR-POS-d2a4d1df-35,62.36,34070.67928856413,695.9291274718296,34046.98500000004,1,0.0
AAR-POS-d2a4d1df-35,62.36,34461.33469324093,2519.0861205472715,34548.365000000034,3,0.0
AAR-POS-d2a4d1df-35,182.37,33828.532915210024,953.8890345817274,33796.295000000035,0,0.0
AAR-POS-d2a4d1df-35,182.37,34034.19297018404,375.71696336680554,34046.98500000004,1,0.0
AAR-POS-d2a4d1df-35,182.37,34046.89240846465,2.7195223126901777,34046.98500000004,1,92.88927419189457
AAR-POS-d2a4d1df-35,182.37,34070.63288143482,694.5660954938159,34046.98500000004,1,0.0
AAR-POS-d2a4d1df-35,182.37,34460.76503154713,2535.574938290175,34548.365000000034,3,0.0
AAR-POS-d2a4d1df-35,5.83,33795.872385778355,12.504750052613623,33796.295000000035,0,0.0
AAR-POS-d2a4d1df-35,5.83,33828.611561280406,956.2160964795506,33796.295000000035,0,0.0
AAR-POS-d2a4d1df-35,5.83,34046.59242052019,11.530521126871909,34046.98500000004,1,75.51427063873687
AAR-POS-d2a4d1df-35,5.83,34067.21825050887,594.2743684597709,34046.98500000004,1,0.0
AAR-POS-d2a4d1df-35,5.83,34087.08025034412,1177.6446679224534,34046.98500000004,1,0.0
AAR-POS-d2a4d1df-35,5.83,34459.58076097607,2569.853566846577,34548.365000000034,3,0.0
AAR-POS-d2a4d1df-35,62.83,33828.40903307435,950.2234808376071,33796.295000000035,0,0.0
AAR-POS-d2a4d1df-35,62.83,34047.05613015752,2.0891763979903386,34046.98500000004,1,92.52236290690199
AAR-POS-d2a4d1df-35,62.83,34070.44048854137,688.9152898951501,34046.98500000004,1,0.0
AAR-POS-d2a4d1df-35,62.83,34461.50712061376,2514.0952223434047,34548.365000000034,3,0.0
AAR-POS-d2a4d1df-35,182.85,33827.54170909065,924.5601948560884,33796.295000000035,0,0.0
AAR-POS-d2a4d1df-35,182.85,34047.08492805829,2.9350046194865893,34046.98500000004,1,93.79926380955929
AAR-POS-d2a4d1df-35,182.85,34070.567676506726,692.6509500529506,34046.98500000004,1,0.0
AAR-POS-d2a4d1df-35,182.85,34085.99079852648,1145.6461864815026,34046.98500000004,1,0.0
AAR-POS-d2a4d1df-35,182.85,34096.224695361256,1446.2277749768068,34046.98500000004,1,0.0
AAR-POS-d2a4d1df-35,182.85,34461.65922400869,2509.6926002531245,34548.365000000034,3,0.0
AAR-POS-d2a4d1df-40,6.54,33795.83442674238,13.627921571073621,33796.295000000035,0,0.0
AAR-POS-d2a4d1df-40,6.54,33828.6605949937,957.6669570929461,33796.295000000035,0,0.0
AAR-POS-d2a4d1df-40,6.54,34062.84630564767,7.230970261623073,34062.600000000035,1,73.86429289700853
AAR-POS-d2a4d1df-40,6.54,34084.496806429954,642.8401363935452,34062.600000000035,1,0.0
AAR-POS-d2a4d1df-40,6.54,34477.32524410437,3407.5456080671897,34595.210000000036,3,0.0
AAR-POS-d2a4d1df-40,63.55,33827.64380677965,927.5811676875627,33796.295000000035,0,0.0
AAR-POS-d2a4d1df-40,63.55,34024.31387043792,1123.9931644123294,34062.600000000035,1,0.0
AAR-POS-d2a4d1df-40,63.55,34063.00155833445,11.788833923872883,34062.600000000035,1,91.86193329546063
AAR-POS-d2a4d1df-40,63.55,34072.050880027164,277.456213769023,34062.600000000035,1,0.0
AAR-POS-d2a4d1df-40,63.55,34084.59113813348,645.6094993760285,34062.600000000035,1,0.0
AAR-POS-d2a4d1df-40,63.55,34100.804006935825,1121.5822320019586,34062.600000000035,1,0.0
AAR-POS-d2a4d1df-40,63.55,34476.71912646949,3425.0658842811868,34595.210000000036,3,0.0
AAR-POS-d2a4d1df-40,183.56,33828.42989613663,950.8407988684775,33796.295000000035,0,0.0
AAR-POS-d2a4d1df-40,183.56,33975.93132158952,2544.3940982341705,34062.600000000035,1,0.0
AAR-POS-d2a4d1df-40,183.56,34062.875955699135,8.101427932701846,34062.600000000035,1,92.21229239089669
AAR-POS-d2a4d1df-40,183.56,34072.10373113207,279.00780128451305,34062.600000000035,1,0.0
AAR-POS-d2a4d1df-40,183.56,34097.4598610104,1023.4057591130855,34062.600000000035,1,0.0
AAR-POS-d2a4d1df-40,183.56,34475.018643630916,3474.2195919354003,34595.210000000036,3,0.0
AAR-POS-d2a4d1df-40,7.02,33796.19920405858,2.8345101571576756,33796.295000000035,0,0.0
AAR-POS-d2a4d1df-40,7.02,33828.36681030791,948.9741496183566,33796.295000000035,0,0.0
AAR-POS-d2a4d1df-40,7.02,34062.940663628775,10.00110469371108,34062.600000000035,1,74.72753720116644
AAR-POS-d2a4d1df-40,7.02,34082.741524180936,591.309065687906,34062.600000000035,1,0.0
AAR-POS-d2a4d1df-40,7.02,34477.18664063965,3411.552043198588,34595.210000000036,3,0.0
AAR-POS-d2a4d1df-40,64.02,33794.90796983181,41.040894223034314,33796.295000000035,0,0.0
AAR-POS-d2a4d1df-40,64.02,33827.85630519171,933.8687921759893,33796.295000000035,0,0.0
AAR-POS-d2a4d1df-40,64.02,34023.420656836766,1150.215872049362,34062.600000000035,1,0.0
AAR-POS-d2a4d1df-40,64.02,34051.54246429717,324.62394834406905,34062.600000000035,1,0.0
AAR-POS-d2a4d1df-40,64.02,34061.613164226655,28.97124040382779,34062.600000000035,1,96.97649746395261
AAR-POS-d2a4d1df-40,64.02,34069.357890576095,198.396205106485,34062.600000000035,1,0.0
AAR-POS-d2a4d1df-40,64.02,34081.33119847753,549.9051298929996,34062.600000000035,1,0.0
AAR-POS-d2a4d1df-40,64.02,34097.435521739586,1022.691213810778,34062.600000000035,1,0.0
AAR-POS-d2a4d1df-40,64.02,34477.211998076746,3410.81906782152,34595.210000000036,3,0.0
AAR-POS-d2a4d1df-40,184.03,33807.55370130631,333.1341884154161,33796.295000000035,0,0.0
AAR-POS-d2a4d1df-40,184.03,33828.49519917192,952.773053137516,33796.295000000035,0,0.0
AAR-POS-d2a4d1df-40,184.03,34046.43742876553,474.4961111161465,34062.600000000035,1,0.0
AAR-POS-d2a4d1df-40,184.03,34062.87484350858,8.068776562711536,34062.600000000035,1,97.47879898307137
AAR-POS-d2a4d1df-40,184.03,34072.110737726456,279.213498864479,34062.600000000035,1,0.0
AAR-POS-d2a4d1df-40,184.03,34100.99117356697,1127.0770160507902,34062.600000000035,1,0.0
AAR-POS-d2a4d1df-40,184.03,34477.035782148654,3415.912718881639,34595.210000000036,3,0.0
LON-WEI-adc59df6-47,7.72,33709.43954509976,2569.9697230206093,33796.295000000035,0,0.0
LON-WEI-adc59df6-47,7.72,33795.99887685064,8.762000373038436,33796.295000000035,0,0.0
LON-WEI-adc59df6-47,7.72,33816.47181104641,597.0125141343001,33796.295000000035,0,0.0
LON-WEI-adc59df6-47,7.72,33826.048983464105,880.391873253271,33796.295000000035,0,0.0
LON-WEI-adc59df6-47,7.72,34062.64344701742,5640.3941685485615,34255.86000000004,1,0.0
LON-WEI-adc59df6-47,7.72,34255.91069724348,1.4799582741472253,34255.86000000004,1,35.291654593788344
LON-WEI-adc59df6-47,64.72,33677.16737532001,3524.8723175136824,33796.295000000035,0,0.0
LON-WEI-adc59df6-47,64.72,33793.64908988643,78.28994609042428,33796.295000000035,0,0.0
LON-WEI-adc59df6-47,64.72,33829.103120650296,970.7608674341694,33796.295000000035,0,0.0
LON-WEI-adc59df6-47,64.72,33847.879724796934,1526.3426004803036,33796.295000000035,0,0.0
LON-WEI-adc59df6-47,64.72,34115.952316248666,4084.1970906983825,34255.86000000004,1,0.0
LON-WEI-adc59df6-47,64.72,34216.929888008875,1136.4511645937803,34255.86000000004,1,0.0
LON-WEI-adc59df6-47,64.72,34239.664140299705,472.7909239567246,34255.86000000004,1,0.0
LON-WEI-adc59df6-47,64.72,34255.89431109377,1.0016123878354803,34255.86000000004,1,91.11081236357796
LON-WEI-adc59df6-47,64.72,34275.86097201829,583.8700887453919,34255.86000000004,1,0.0
LON-WEI-adc59df6-47,64.72,34300.48376431685,1302.6607510893982,34255.86000000004,1,0.0
LON-WEI-adc59df6-47,64.72,34321.53739527845,1917.260149895908,34255.86000000004,1,0.0
LON-WEI-adc59df6-47,184.74,33793.041628255305,96.26415394733408,33796.295000000035,0,0.0
LON-WEI-adc59df6-47,184.74,33807.678264221526,336.8198857741982,33796.295000000035,0,0.0
LON-WEI-adc59df6-47,184.74,33829.480580832744,981.9295527130729,33796.295000000035,0,0.0
LON-WEI-adc59df6-47,184.74,34217.814329079156,1110.6324850954275,34255.86000000004,1,0.0
LON-WEI-adc59df6-47,184.74,34236.81929170852,555.8379877638147,34255.86000000004,1,0.0
LON-WEI-adc59df6-47,184.74,34255.91889968813,1.7194047409875313,34255.86000000004,1,94.20780425511862
LON-WEI-adc59df6-47,184.74,34275.862542482355,583.9159338670208,34255.86000000004,1,0.0
LON-WEI-adc59df6-47,184.74,34297.55079645073,1217.041301858716,34255.86000000004,1,0.0
LON-WEI-adc59df6-47,184.74,34311.8254284915,1633.7475833759518,34255.86000000004,1,0.0
LON-WEI-adc59df6-47,184.74,34361.80446308678,3092.7398432485325,34255.86000000004,1,0.0
LON-WEI-adc59df6-47,184.74,34491.60641603613,6447.237329340036,34715.42500000003,2,0.0
LON-WEI-adc59df6-47,184.74,34666.04977721978,1422.2848425520995,34715.42500000003,2,0.0
LON-WEI-adc59df6-47,184.74,34846.53662391478,3776.7541061284683,34715.42500000003,2,0.0
LON-WEI-adc59df6-47,8.2,33796.08290666928,6.275638520506326,33796.295000000035,0,0.0
LON-WEI-adc59df6-47,8.2,33813.49310192894,508.87536426429904,33796.295000000035,0,0.0
LON-WEI-adc59df6-47,8.2,33828.5341267475,953.9248828153135,33796.295000000035,0,0.0
LON-WEI-adc59df6-47,8.2,34255.40139293807,13.387696644305947,34255.86000000004,1,35.070063980700915
LON-WEI-adc59df6-47,65.2,33713.67663674092,2444.5982395145006,33796.295000000035,0,0.0
LON-WEI-adc59df6-47,65.2,33795.36471551345,27.526226960130163,33796.295000000035,0,0.0
LON-WEI-adc59df6-47,65.2,33828.92555249168,965.5067956900617,33796.295000000035,0,0.0
LON-WEI-adc59df6-47,65.2,34218.11046225267,1101.9877401229403,34255.86000000004,1,0.0
LON-WEI-adc59df6-47,65.2,34243.742314393545,353.74051641068553,34255.86000000004,1,0.0
LON-WEI-adc59df6-47,65.2,34255.94344198719,2.43584563789938,34255.86000000004,1,93.05206568051639
LON-WEI-adc59df6-47,65.2,34267.460776070155,338.6508489384796,34255.86000000004,1,0.0
LON-WEI-adc59df6-47,65.2,34831.734440555665,3350.367755994142,34715.42500000003,2,0.0
LON-WEI-adc59df6-47,185.22,33677.13749932758,3525.7563195152698,33796.295000000035,0,0.0
LON-WEI-adc59df6-47,185.22,33792.57371883117,110.10914565830271,33796.295000000035,0,0.0
LON-WEI-adc59df6-47,185.22,33829.04367973376,969.0020676445743,33796.295000000035,0,0.0
LON-WEI-adc59df6-47,185.22,34216.78831909583,1140.583856432329,34255.86000000004,1,0.0
LON-WEI-adc59df6-47,185.22,34255.900820017916,1.1916214591901608,34255.86000000004,1,96.22077839436878
LON-WEI-adc59df6-47,185.22,34267.63468876627,343.72772326358336,34255.86000000004,1,0.0
LON-WEI-adc59df6-47,185.22,34279.95312122025,703.328458845061,34255.86000000004,1,0.0
LON-WEI-adc59df6-47,185.22,34297.410797506345,1212.9544406798793,34255.86000000004,1,0.0
LON-WEI-adc59df6-47,185.22,34348.72476670037,2710.9162257298876,34255.86000000004,1,0.0
LON-WEI-adc59df6-47,185.22,34667.598802360975,1377.6641835454045,34715.42500000003,2,0.0
DAN-LON-a5fc619e-8,8.9,33795.644071520495,19.260350270326615,33796.295000000035,0,0.0
DAN-LON-a5fc619e-8,8.9,33828.95824634338,966.4741754487834,33796.295000000035,0,0.0
DAN-LON-a5fc619e-8,8.9,34059.5481972673,16.21296374282437,34058.996000000036,1,81.67239388463057
DAN-LON-a5fc619e-8,8.9,34078.832616736894,582.4193037533619,34058.996000000036,1,0.0
DAN-LON-a5fc619e-8,8.9,34298.03367770954,689.4566515896029,34321.69700000004,2,0.0
DAN-LON-a5fc619e-8,8.9,34473.99294915548,3192.3369273207495,34584.39800000004,3,0.0
DAN-LON-a5fc619e-8,65.89,33828.731650384725,959.7694180587074,33796.295000000035,0,0.0
DAN-LON-a5fc619e-8,65.89,34048.82413006063,298.6544271417784,34058.996000000036,1,0.0
DAN-LON-a5fc619e-8,65.89,34059.30477469868,9.065877885598336,34058.996000000036,1,92.01443493713816
DAN-LON-a5fc619e-8,65.89,34069.74708707669,315.660716383313,34058.996000000036,1,0.0
DAN-LON-a5fc619e-8,65.89,34101.41408450489,1245.4296804537046,34058.996000000036,1,0.0
DAN-LON-a5fc619e-8,65.89,34473.56854005673,3204.6086198553016,34584.39800000004,3,0.0
DAN-LON-a5fc619e-8,185.92,33828.65953699315,957.6356518700704,33796.295000000035,0,0.0
DAN-LON-a5fc619e-8,185.92,34059.30793153853,9.158565287639327,34058.996000000036,1,91.22360299173197
DAN-LON-a5fc619e-8,185.92,34069.49602984575,308.28947059144633,34058.996000000036,1,0.0
DAN-LON-a5fc619e-8,185.92,34097.759013981406,1138.1138181927024,34058.996000000036,1,0.0
DAN-LON-a5fc619e-8,185.92,34470.963262152516,3279.939637738416,34584.39800000004,3,0.0
DAN-LON-a5fc619e-8,9.37,33795.772665564225,15.455375679765204,33796.295000000035,0,0.0
DAN-LON-a5fc619e-8,9.37,33828.63194624252,956.8192679845198,33796.295000000035,0,0.0
DAN-LON-a5fc619e-8,9.37,34059.39057210192,11.58495987029854,34058.996000000036,1,81.52827229260619
DAN-LON-a5fc619e-8,9.37,34077.813904387054,552.509075341464,34058.996000000036,1,0.0
DAN-LON-a5fc619e-8,9.37,34473.5877350244,3204.0536017322047,34584.39800000004,3,0.0
DAN-LON-a5fc619e-8,66.37,33828.56301641706,954.7797004678556,33796.295000000035,0,0.0
DAN-LON-a5fc619e-8,66.37,34049.17005206543,288.49787394228645,34058.996000000036,1,0.0
DAN-LON-a5fc619e-8,66.37,34059.418438707915,12.403146231302197,34058.996000000036,1,92.8407858194969
DAN-LON-a5fc619e-8,66.37,34069.698165721136,314.22434534185163,34058.996000000036,1,0.0
DAN-LON-a5fc619e-8,66.37,34101.027017227956,1234.0650683866454,34058.996000000036,1,0.0
DAN-LON-a5fc619e-8,66.37,34474.15122313547,3187.7604711976046,34584.39800000004,3,0.0
DAN-LON-a5fc619e-8,186.39,33829.30082660233,976.6107971982427,33796.295000000035,0,0.0
DAN-LON-a5fc619e-8,186.39,34048.96213135163,294.6025962833093,34058.996000000036,1,0.0
DAN-LON-a5fc619e-8,186.39,34059.508128017296,15.036497765838208,34058.996000000036,1,91.4505274425591
DAN-LON-a5fc619e-8,186.39,34069.651230715004,312.84629514530104,34058.996000000036,1,0.0
DAN-LON-a5fc619e-8,186.39,34080.82245169175,640.8424867166235,34058.996000000036,1,0.0
DAN-LON-a5fc619e-8,186.39,34099.56700987531,1191.1980574904544,34058.996000000036,1,0.0
DAN-LON-a5fc619e-8,186.39,34473.58478306287,3204.138957028176,34584.39800000004,3,0.0
NEH-REV-107bcf72-5,10.08,33796.135025796706,4.733483458130599,33796.295000000035,0,0.0
NEH-REV-107bcf72-5,10.08,33816.421326962445,595.5187384419064,33796.295000000035,0,0.0
NEH-REV-107bcf72-5,10.08,34045.12842913138,17.34284458029087,34044.53800000004,1,12.112846621666279
NEH-REV-107bcf72-5,10.08,34078.140547851996,987.0172963415929,34044.53800000004,1,0.0
NEH-REV-107bcf72-5,10.08,34210.749348581405,2392.096791993246,34292.78100000003,2,0.0
NEH-REV-107bcf72-5,67.07,33712.8470635433,2469.1445158925767,33796.295000000035,0,0.0
NEH-REV-107bcf72-5,67.07,33796.40432430346,3.2348014309422632,33796.295000000035,0,0.0
NEH-REV-107bcf72-5,67.07,33829.02627301034,968.4870193702475,33796.295000000035,0,0.0
NEH-REV-107bcf72-5,67.07,34002.65059982996,1230.3706447734753,34044.53800000004,1,0.0
NEH-REV-107bcf72-5,67.07,34024.91790128546,576.3067988932165,34044.53800000004,1,0.0
NEH-REV-107bcf72-5,67.07,34045.27673193758,21.6989855330438,34044.53800000004,1,67.70433077631247
NEH-REV-107bcf72-5,67.07,34063.730606548794,563.7499486336652,34044.53800000004,1,0.0
NEH-REV-107bcf72-5,67.07,34079.40470542487,1024.1497600829894,34044.53800000004,1,0.0
NEH-REV-107bcf72-5,67.07,34104.942390925644,1774.2755365223913,34044.53800000004,1,0.0
NEH-REV-107bcf72-5,67.07,34122.897431833706,2301.6741138819098,34044.53800000004,1,0.0
NEH-REV-107bcf72-5,67.07,34158.8375433499,3357.3533396125185,34044.53800000004,1,0.0
NEH-REV-107bcf72-5,67.07,34211.110777647766,2381.5572832155567,34292.78100000003,2,0.0
NEH-REV-107bcf72-5,67.07,34458.87822521207,2378.209018585008,34541.024000000034,3,0.0
NEH-REV-107bcf72-5,187.09,33830.199795584,1003.2104283609561,33796.295000000035,0,0.0
NEH-REV-107bcf72-5,187.09,34001.48080854765,1264.7312603387295,34044.53800000004,1,0.0
NEH-REV-107bcf72-5,187.09,34026.90332783055,517.9882943186444,34044.53800000004,1,0.0
NEH-REV-107bcf72-5,187.09,34044.011923027836,15.452610113282361,34044.53800000004,1,90.35993723890975
NEH-REV-107bcf72-5,187.09,34050.36009489775,171.0140668588447,34044.53800000004,1,0.0
NEH-REV-107bcf72-5,187.09,34071.97087517061,805.7937273396433,34044.53800000004,1,0.0
NEH-REV-107bcf72-5,187.09,34081.36406884948,1081.7027051282362,34044.53800000004,1,0.0
NEH-REV-107bcf72-5,187.09,34112.647501206826,2000.5999554697705,34044.53800000004,1,0.0
NEH-REV-107bcf72-5,187.09,34327.288577313826,1006.2636014791025,34292.78100000003,2,0.0
NEH-REV-107bcf72-5,187.09,34361.936272369785,2016.6131282777317,34292.78100000003,2,0.0
NEH-REV-107bcf72-5,187.09,34460.65818262468,2326.677326513463,34541.024000000034,3,0.0
NEH-REV-107bcf72-5,10.55,33796.21259443126,2.438301854601991,33796.295000000035,0,0.0
NEH-REV-107bcf72-5,10.55,33816.265878791346,590.9191759425519,33796.295000000035,0,0.0
NEH-REV-107bcf72-5,10.55,34044.6490038036,3.260546627544136,34044.53800000004,1,11.452471059818139
NEH-REV-107bcf72-5,10.55,34076.76763936977,946.6904608819316,34044.53800000004,1,0.0
NEH-REV-107bcf72-5,10.55,34210.24905161761,2406.6857797978078,34292.78100000003,2,0.0
NEH-REV-107bcf72-5,67.55,33781.09169804815,449.85114350214394,33796.295000000035,0,0.0
NEH-REV-107bcf72-5,67.55,33796.12939086075,4.900215816170707,33796.295000000035,0,0.0
NEH-REV-107bcf72-5,67.55,33817.344919806674,622.8469661138613,33796.295000000035,0,0.0
NEH-REV-107bcf72-5,67.55,33828.636273188655,956.947298176326,33796.295000000035,0,0.0
NEH-REV-107bcf72-5,67.55,33839.6170125195,1281.8568579622072,33796.295000000035,0,0.0
NEH-REV-107bcf72-5,67.55,34009.42583181726,1031.3598082247129,34044.53800000004,1,0.0
NEH-REV-107bcf72-5,67.55,34044.293227666814,7.189768097969176,34044.53800000004,1,65.18189570258363
NEH-REV-107bcf72-5,67.55,34059.46656168553,438.500933262493,34044.53800000004,1,0.0
NEH-REV-107bcf72-5,67.55,34079.06197705715,1014.0827012284125,34044.53800000004,1,0.0
NEH-REV-107bcf72-5,67.55,34096.9455472307,1539.3819481605206,34044.53800000004,1,0.0
NEH-REV-107bcf72-5,67.55,34112.98242914114,2010.4378899518456,34044.53800000004,1,0.0
NEH-REV-107bcf72-5,67.55,34144.41622118033,2933.751698445427,34044.53800000004,1,0.0
NEH-REV-107bcf72-5,67.55,34208.25003826468,2464.9783211034596,34292.78100000003,2,0.0
NEH-REV-107bcf72-5,67.55,34458.43409693597,2391.0670124911403,34541.024000000034,3,0.0
NEH-REV-107bcf72-5,187.57,33810.67847701489,425.593308818415,33796.295000000035,0,0.0
NEH-REV-107bcf72-5,187.57,33828.3909474278,949.6883438780022,33796.295000000035,0,0.0
NEH-REV-107bcf72-5,187.57,33992.37014609136,1532.3413673194436,34044.53800000004,1,0.0
NEH-REV-107bcf72-5,187.57,34044.33281800551,6.026869700107423,34044.53800000004,1,95.26829243483957
NEH-REV-107bcf72-5,187.57,34068.64319685847,708.0488758119167,34044.53800000004,1,0.0
NEH-REV-107bcf72-5,187.57,34079.13772929606,1016.3077935151797,34044.53800000004,1,0.0
NEH-REV-107bcf72-5,187.57,34326.04747584303,970.0722680670434,34292.78100000003,2,0.0
NEH-REV-107bcf72-5,187.57,34357.65361143765,1891.7279248253021,34292.78100000003,2,0.0
NEH-REV-107bcf72-5,187.57,34459.41418388107,2362.6924354925204,34541.024000000034,3,0.0
MED-COV-4280ac29-13,11.27,33796.197128406995,2.8959266996456017,33796.295000000035,0,0.0
MED-COV-4280ac29-13,11.27,33817.78210309646,635.7828009380236,33796.295000000035,0,0.0
MED-COV-4280ac29-13,11.27,34062.540943294516,44.88836956707665,34061.01200000003,1,2.2403836584864902
MED-COV-4280ac29-13,11.27,34210.66096914629,3352.238516296285,34325.729000000036,2,0.0
MED-COV-4280ac29-13,68.26,33796.27245034325,0.6672227469699006,33796.295000000035,0,0.0
MED-COV-4280ac29-13,68.26,33818.064885954715,644.1500748729972,33796.295000000035,0,0.0
MED-COV-4280ac29-13,68.26,33829.239193016096,974.7871184122697,33796.295000000035,0,0.0
MED-COV-4280ac29-13,68.26,34209.74510601799,3378.9200509637344,34325.729000000036,2,0.0
MED-COV-4280ac29-13,188.27,33785.6955842532,313.62656015511794,33796.295000000035,0,0.0
MED-COV-4280ac29-13,188.27,33796.09095797503,6.0374080947345625,33796.295000000035,0,0.0
MED-COV-4280ac29-13,188.27,33804.167162531274,232.92974958465558,33796.295000000035,0,0.0
MED-COV-4280ac29-13,188.27,33823.39770568346,801.9431030362406,33796.295000000035,0,0.0
MED-COV-4280ac29-13,188.27,33830.967183635745,1025.9167058315138,33796.295000000035,0,0.0
MED-COV-4280ac29-13,188.27,34209.07751591962,3398.36873036012,34325.729000000036,2,0.0
MED-COV-4280ac29-13,11.75,33796.203413461626,2.7099579527457607,33796.295000000035,0,0.0
MED-COV-4280ac29-13,11.75,33816.310946405814,592.2526834902958,33796.295000000035,0,0.0
MED-COV-4280ac29-13,11.75,34209.79512720634,3377.462800387987,34325.729000000036,2,0.0
MED-COV-4280ac29-13,68.73,33785.59598589704,316.57358012162075,33796.295000000035,0,0.0
MED-COV-4280ac29-13,68.73,33796.24123853481,1.5907502650092435,33796.295000000035,0,0.0
MED-COV-4280ac29-13,68.73,33807.28542296435,325.1960892255893,33796.295000000035,0,0.0
MED-COV-4280ac29-13,68.73,33827.35636489605,919.076037654819,33796.295000000035,0,0.0
MED-COV-4280ac29-13,68.73,33859.412658973764,1867.5910768837127,33796.295000000035,0,0.0
MED-COV-4280ac29-13,68.73,34211.32711677257,3332.831859957491,34325.729000000036,2,0.0
MED-COV-4280ac29-13,188.76,33710.32519760291,2543.7641137030346,33796.295000000035,0,0.0
MED-COV-4280ac29-13,188.76,33796.37098475505,2.248316125017856,33796.295000000035,0,0.0
MED-COV-4280ac29-13,188.76,33818.5090199857,657.2915754719793,33796.295000000035,0,0.0
MED-COV-4280ac29-13,188.76,33829.09663271249,970.5688955684902,33796.295000000035,0,0.0
MED-COV-4280ac29-13,188.76,34211.81087738112,3318.738623698784,34325.729000000036,2,0.0
PAU-UNI-8cdd41c7-1,12.44,33795.96124778593,9.875408357876038,33796.295000000035,0,0.0
PAU-UNI-8cdd41c7-1,12.44,33828.12682292044,941.873152675721,33796.295000000035,0,0.0
PAU-UNI-8cdd41c7-1,12.44,34081.87864781254,13.163996126442534,34081.43000000004,1,87.88662371974553
PAU-UNI-8cdd41c7-1,12.44,34100.19053796612,550.4621715133941,34081.43000000004,1,0.0
PAU-UNI-8cdd41c7-1,12.44,34122.02604581026,1191.148546590325,34081.43000000004,1,0.0
PAU-UNI-8cdd41c7-1,12.44,34495.822623977896,3761.144704973117,34366.56500000003,2,0.0
PAU-UNI-8cdd41c7-1,69.44,33828.929532563925,965.62456221578,33796.295000000035,0,0.0
PAU-UNI-8cdd41c7-1,69.44,34082.00385924542,16.837886361733997,34081.43000000004,1,92.08685311332341
PAU-UNI-8cdd41c7-1,69.44,34095.797111430504,421.55248270002267,34081.43000000004,1,0.0
PAU-UNI-8cdd41c7-1,69.44,34492.99428237021,3678.845481652767,34366.56500000003,2,0.0
PAU-UNI-8cdd41c7-1,189.46,33829.706873961135,988.6253496455845,33796.295000000035,0,0.0
PAU-UNI-8cdd41c7-1,189.46,34081.84935097797,12.304383294249064,34081.43000000004,1,90.61256163217038
PAU-UNI-8cdd41c7-1,189.46,34102.94008465366,631.137973190164,34081.43000000004,1,0.0
PAU-UNI-8cdd41c7-1,189.46,34126.07595921882,1309.979047791775,34081.43000000004,1,0.0
PAU-UNI-8cdd41c7-1,189.46,34497.38871875555,3806.715007901442,34366.56500000003,2,0.0
PAU-UNI-8cdd41c7-1,12.91,33795.514056165055,23.107380113102693,33796.295000000035,0,0.0
PAU-UNI-8cdd41c7-1,12.91,33828.179066687924,943.4189957180082,33796.295000000035,0,0.0
PAU-UNI-8cdd41c7-1,12.91,34081.86875486761,12.873722363561383,34081.43000000004,1,88.61307553666433
PAU-UNI-8cdd41c7-1,12.91,34099.453682024825,528.8417189298766,34081.43000000004,1,0.0
PAU-UNI-8cdd41c7-1,12.91,34496.6495473469,3785.206561868059,34366.56500000003,2,0.0
PAU-UNI-8cdd41c7-1,69.91,33828.8602110397,963.5734047078892,33796.295000000035,0,0.0
PAU-UNI-8cdd41c7-1,69.91,34074.878863703394,192.2201121444331,34081.43000000004,1,0.0
PAU-UNI-8cdd41c7-1,69.91,34081.75796657784,9.623028664076777,34081.43000000004,1,91.42278644159884
PAU-UNI-8cdd41c7-1,69.91,34102.89282956029,629.751438253982,34081.43000000004,1,0.0
PAU-UNI-8cdd41c7-1,69.91,34496.60347783577,3783.8660289656555,34366.56500000003,2,0.0
PAU-UNI-8cdd41c7-1,189.93,33828.73944167164,959.9999547763113,33796.295000000035,0,0.0
PAU-UNI-8cdd41c7-1,189.93,34074.886449500504,191.99753354049417,34081.43000000004,1,0.0
PAU-UNI-8cdd41c7-1,189.93,34081.990595960306,16.448721789812897,34081.43000000004,1,93.5741043507997
PAU-UNI-8cdd41c7-1,189.93,34102.566286748304,620.1701850030228,34081.43000000004,1,0.0
PAU-UNI-8cdd41c7-1,189.93,34497.19050718367,3800.947437826331,34366.56500000003,2,0.0
DUN-NEW-f8ce3686-22,13.61,33796.1658125028,3.8225343114557586,33796.295000000035,0,0.0
DUN-NEW-f8ce3686-22,13.61,33817.59088029224,630.124701308459,33796.295000000035,0,0.0
DUN-NEW-f8ce3686-22,13.61,33827.23239569928,915.4079078562356,33796.295000000035,0,0.0
DUN-NEW-f8ce3686-22,13.61,34032.72459308384,1287.6989041658462,34076.60500000003,1,0.0
DUN-NEW-f8ce3686-22,13.61,34076.411467897706,5.679324637139507,34076.60500000003,1,49.790167067318016
DUN-NEW-f8ce3686-22,13.61,34098.25096170323,635.2147375947272,34076.60500000003,1,0.0
DUN-NEW-f8ce3686-22,13.61,34115.562091104715,1143.2210193674816,34076.60500000003,1,0.0
DUN-NEW-f8ce3686-22,13.61,34210.71652433497,3935.589367982343,34076.60500000003,1,0.0
DUN-NEW-f8ce3686-22,13.61,34392.46535127143,1034.7364212238272,34356.91500000004,2,0.0
DUN-NEW-f8ce3686-22,13.61,34490.79960785042,3896.87513708331,34356.91500000004,2,0.0
DUN-NEW-f8ce3686-22,70.62,33794.5856613031,50.57769489038503,33796.295000000035,0,0.0
DUN-NEW-f8ce3686-22,70.62,33811.66615254107,454.8176816728765,33796.295000000035,0,0.0
DUN-NEW-f8ce3686-22,70.62,33829.01324386573,968.1014994601151,33796.295000000035,0,0.0
DUN-NEW-f8ce3686-22,70.62,34076.3291799422,8.094117880342804,34076.60500000003,1,96.58490813901274
DUN-NEW-f8ce3686-22,70.62,34096.93140012979,596.4913502902508,34076.60500000003,1,0.0
DUN-NEW-f8ce3686-22,70.62,34394.64664598542,1098.2256697198436,34356.91500000004,2,0.0
DUN-NEW-f8ce3686-22,70.62,34491.35029719429,3912.9036234554155,34356.91500000004,2,0.0
DUN-NEW-f8ce3686-22,190.63,33828.98455113719,967.2525091035833,33796.295000000035,0,0.0
DUN-NEW-f8ce3686-22,190.63,34060.78927305266,464.1227301655797,34076.60500000003,1,0.0
DUN-NEW-f8ce3686-22,190.63,34076.18423946126,12.347489979444592,34076.60500000003,1,91.16748233150668
DUN-NEW-f8ce3686-22,190.63,34097.0051401887,598.655299982811,34076.60500000003,1,0.0
DUN-NEW-f8ce3686-22,190.63,34111.20162525801,1015.2603305985039,34076.60500000003,1,0.0
DUN-NEW-f8ce3686-22,190.63,34391.609668218785,1009.8307202130368,34356.91500000004,2,0.0
DUN-NEW-f8ce3686-22,190.63,34491.02942063215,3903.5641189586227,34356.91500000004,2,0.0
DUN-NEW-f8ce3686-22,14.1,33796.102768031364,5.687959839117479,33796.295000000035,0,0.0
DUN-NEW-f8ce3686-22,14.1,33826.46189267753,892.6094614067781,33796.295000000035,0,0.0
DUN-NEW-f8ce3686-22,14.1,34036.509167897864,1176.6381099927069,34076.60500000003,1,0.0
DUN-NEW-f8ce3686-22,14.1,34076.31759295698,8.43414545126434,34076.60500000003,1,50.20855072158584
DUN-NEW-f8ce3686-22,14.1,34098.26530159431,635.6355509674341,34076.60500000003,1,0.0
DUN-NEW-f8ce3686-22,14.1,34113.63079609163,1086.5459188671732,34076.60500000003,1,0.0
DUN-NEW-f8ce3686-22,14.1,34140.07853707849,1862.6719732923693,34076.60500000003,1,0.0
DUN-NEW-f8ce3686-22,14.1,34210.45380645186,3927.879741888139,34076.60500000003,1,0.0
DUN-NEW-f8ce3686-22,14.1,34394.26865806624,1087.2238693783738,34356.91500000004,2,0.0
DUN-NEW-f8ce3686-22,14.1,34491.21710830407,3909.026998030214,34356.91500000004,2,0.0
DUN-NEW-f8ce3686-22,71.09,33828.88981406691,964.4493299303066,33796.295000000035,0,0.0
DUN-NEW-f8ce3686-22,71.09,34076.28341441366,9.43713689713418,34076.60500000003,1,90.88704993999065
DUN-NEW-f8ce3686-22,71.09,34094.23641687613,517.4053247409645,34076.60500000003,1,0.0
DUN-NEW-f8ce3686-22,71.09,34391.76522565965,1014.3584096421675,34356.91500000004,2,0.0
DUN-NEW-f8ce3686-22,71.09,34490.78888441641,3896.563018430914,34356.91500000004,2,0.0
DUN-NEW-f8ce3686-22,191.11,33828.857413630954,963.490632062471,33796.295000000035,0,0.0
DUN-NEW-f8ce3686-22,191.11,34076.34210320698,7.714876322053162,34076.60500000003,1,91.24956272428462
DUN-NEW-f8ce3686-22,191.11,34092.805985129424,475.42838053824516,34076.60500000003,1,0.0
DUN-NEW-f8ce3686-22,191.11,34393.57719884669,1067.0981037340048,34356.91500000004,2,0.0
DUN-NEW-f8ce3686-22,191.11,34491.645172700635,3921.4863354465256,34356.91500000004,2,0.0
MAK-UNK-af83ef51-2,14.79,33796.038863471695,7.5788345539057875,33796.295000000035,0,0.0
MAK-UNK-af83ef51-2,14.79,33816.189561803345,588.6610293616603,33796.295000000035,0,0.0
MAK-UNK-af83ef51-2,14.79,33826.10391476651,882.0172378798406,33796.295000000035,0,0.0
MAK-UNK-af83ef51-2,14.79,34054.36414095473,7.542560679455926,34054.621000000036,1,40.29935758323449
MAK-UNK-af83ef51-2,14.79,34075.76675997105,620.9365821752058,34054.621000000036,1,0.0
MAK-UNK-af83ef51-2,14.79,34208.930530542886,3031.4058846985736,34312.94700000004,2,0.0
MAK-UNK-af83ef51-2,14.79,34468.41400695749,2975.273518060618,34571.27300000004,3,0.0
MAK-UNK-af83ef51-2,71.8,33796.480866890524,5.499623272009718,33796.295000000035,0,0.0
MAK-UNK-af83ef51-2,71.8,33830.136003612286,1001.3228850159859,33796.295000000035,0,0.0
MAK-UNK-af83ef51-2,71.8,34006.7530243218,1405.6235034369238,34054.621000000036,1,0.0
MAK-UNK-af83ef51-2,71.8,34046.23630148517,246.21323828161135,34054.621000000036,1,0.0
MAK-UNK-af83ef51-2,71.8,34054.27346670296,10.205172950756412,34054.621000000036,1,95.4262963214566
MAK-UNK-af83ef51-2,71.8,34066.643468534734,353.03486521545506,34054.621000000036,1,0.0
MAK-UNK-af83ef51-2,71.8,34077.61334113724,675.1606819294034,34054.621000000036,1,0.0
MAK-UNK-af83ef51-2,71.8,34099.378018438845,1314.2715180653329,34054.621000000036,1,0.0
MAK-UNK-af83ef51-2,71.8,34469.64917447701,2939.54537118223,34571.27300000004,3,0.0
MAK-UNK-af83ef51-2,191.81,33828.609786632354,956.1635863434055,33796.295000000035,0,0.0
MAK-UNK-af83ef51-2,191.81,34054.50447455459,3.421721987342443,34054.621000000036,1,92.57972213108927
MAK-UNK-af83ef51-2,191.81,34066.63402521172,352.75756590234545,34054.621000000036,1,0.0
MAK-UNK-af83ef51-2,191.81,34093.51893691697,1142.2219885204977,34054.621000000036,1,0.0
MAK-UNK-af83ef51-2,191.81,34470.249067407385,2922.1930182510823,34571.27300000004,3,0.0
MAK-UNK-af83ef51-2,15.26,33796.14366141465,4.477963794054952,33796.295000000035,0,0.0
MAK-UNK-af83ef51-2,15.26,33826.46703509244,892.7616205388154,33796.295000000035,0,0.0
MAK-UNK-af83ef51-2,15.26,34054.371480303445,7.327043709872476,34054.621000000036,1,41.41211930781174
MAK-UNK-af83ef51-2,15.26,34071.50469147683,495.78268619686634,34054.621000000036,1,0.0
MAK-UNK-af83ef51-2,15.26,34210.47216556851,2986.477216064331,34312.94700000004,2,0.0
MAK-UNK-af83ef51-2,15.26,34468.45572581962,2974.0667686843767,34571.27300000004,3,0.0
MAK-UNK-af83ef51-2,72.27,33796.24805450976,1.389072094373703,33796.295000000035,0,0.0
MAK-UNK-af83ef51-2,72.27,33828.91103051282,965.0771042442682,33796.295000000035,0,0.0
MAK-UNK-af83ef51-2,72.27,34054.39785306521,6.5526183605513575,34054.621000000036,1,95.76306631462505
MAK-UNK-af83ef51-2,72.27,34066.56013759027,350.5878861560126,34054.621000000036,1,0.0
MAK-UNK-af83ef51-2,72.27,34077.15917429369,661.824258553678,34054.621000000036,1,0.0
MAK-UNK-af83ef51-2,72.27,34113.11027555644,1717.513624844243,34054.621000000036,1,0.0
MAK-UNK-af83ef51-2,72.27,34468.26804415373,2979.495601631646,34571.27300000004,3,0.0
MAK-UNK-af83ef51-2,192.29,33827.95128099482,936.6790352252021,33796.295000000035,0,0.0
MAK-UNK-af83ef51-2,192.29,34046.29121511393,244.60072206071155,34054.621000000036,1,0.0
MAK-UNK-af83ef51-2,192.29,34054.44429228462,5.1889496997932385,34054.621000000036,1,91.95377846436142
MAK-UNK-af83ef51-2,192.29,34070.88936208065,477.7137904607085,34054.621000000036,1,0.0
MAK-UNK-af83ef51-2,192.29,34097.127155299444,1248.1758437249493,34054.621000000036,1,0.0
MAK-UNK-af83ef51-2,192.29,34467.94171048454,2988.935047763378,34571.27300000004,3,0.0
LON-WEI-adc59df6-40,15.97,33796.172458922425,3.6258731204009047,33796.295000000035,0,0.0
LON-WEI-adc59df6-40,15.97,33816.23968531715,590.1441361284581,33796.295000000035,0,0.0
LON-WEI-adc59df6-40,15.97,33826.0402667863,880.133955105645,33796.295000000035,0,0.0
LON-WEI-adc59df6-40,15.97,34224.01306069513,4.969070688256623,34223.84300000004,1,24.075012067449236
LON-WEI-adc59df6-40,72.97,33776.85800630314,575.12202733744,33796.295000000035,0,0.0
LON-WEI-adc59df6-40,72.97,33795.825110299586,13.903586190413167,33796.295000000035,0,0.0
LON-WEI-adc59df6-40,72.97,33828.542316407715,954.1672070172192,33796.295000000035,0,0.0
LON-WEI-adc59df6-40,72.97,34206.56057477076,504.982015879326,34223.84300000004,1,0.0
LON-WEI-adc59df6-40,72.97,34224.024080719886,5.291069148750423,34223.84300000004,1,78.81582073351917
LON-WEI-adc59df6-40,72.97,34241.089454195746,503.9309640272945,34223.84300000004,1,0.0
LON-WEI-adc59df6-40,192.99,33794.77942893816,44.84429615349887,33796.295000000035,0,0.0
LON-WEI-adc59df6-40,192.99,33829.063935409315,969.6014136839531,33796.295000000035,0,0.0
LON-WEI-adc59df6-40,192.99,34224.06274229513,6.420737001748932,34223.84300000004,1,94.09457419273657
LON-WEI-adc59df6-40,192.99,34250.57530439675,781.1017715547512,34223.84300000004,1,0.0
LON-WEI-adc59df6-40,192.99,34263.249548248496,1151.4355137866423,34223.84300000004,1,0.0
LON-WEI-adc59df6-40,192.99,34288.8783365246,1900.2932115064027,34223.84300000004,1,0.0
LON-WEI-adc59df6-40,16.44,33796.18589896384,3.228195167323569,33796.295000000035,0,0.0
LON-WEI-adc59df6-40,16.44,34223.98962040658,4.284159629404016,34223.84300000004,1,22.6028290495963
LON-WEI-adc59df6-40,73.45,33795.99240762663,8.953418515317985,33796.295000000035,0,0.0
LON-WEI-adc59df6-40,73.45,33829.50720596896,982.7173649930604,33796.295000000035,0,0.0
LON-WEI-adc59df6-40,73.45,34223.91756414083,2.1787191108860244,34223.84300000004,1,79.61064330790941
LON-WEI-adc59df6-40,73.45,34240.61731897723,490.1354584052293,34223.84300000004,1,0.0
LON-WEI-adc59df6-40,73.45,34250.02337814164,764.9748200867433,34223.84300000004,1,0.0
LON-WEI-adc59df6-40,193.47,33713.346866131855,2454.3558359926665,33796.295000000035,0,0.0
LON-WEI-adc59df6-40,193.47,33785.36828071125,323.31115848010927,33796.295000000035,0,0.0
LON-WEI-adc59df6-40,193.47,33796.13065397827,4.86284137854207,33796.295000000035,0,0.0
LON-WEI-adc59df6-40,193.47,33820.16673615648,706.3418092559726,33796.295000000035,0,0.0
LON-WEI-adc59df6-40,193.47,33828.8582774324,963.5161911199905,33796.295000000035,0,0.0
LON-WEI-adc59df6-40,193.47,34224.21311046245,10.814403935069837,34223.84300000004,1,65.22544396196169
LON-WEI-adc59df6-40,193.47,34264.11959848601,1176.8578556760108,34223.84300000004,1,0.0
MAT-POS-2db6411e-2,17.14,33796.060806403635,6.929564214052564,33796.295000000035,0,0.0
MAT-POS-2db6411e-2,17.14,33827.43168085749,921.3045648185104,33796.295000000035,0,0.0
MAT-POS-2db6411e-2,17.14,34063.193565777794,6.152302386686731,34062.98400000003,1,60.77085835478295
MAT-POS-2db6411e-2,17.14,34083.233837570966,594.482197183102,34062.98400000003,1,0.0
MAT-POS-2db6411e-2,17.14,34103.594531883675,1192.2188579732658,34062.98400000003,1,0.0
MAT-POS-2db6411e-2,17.14,34209.93399350668,3487.9157308999015,34329.67300000003,2,0.0
MAT-POS-2db6411e-2,17.14,34330.001331054256,9.564060054539134,34329.67300000003,2,4.620114431950967
MAT-POS-2db6411e-2,17.14,34477.58684150602,3433.1690278307174,34596.36200000004,3,0.0
MAT-POS-2db6411e-2,74.15,33795.53438657657,22.50582270827513,33796.295000000035,0,0.0
MAT-POS-2db6411e-2,74.15,33828.573417381405,955.0874550411706,33796.295000000035,0,0.0
MAT-POS-2db6411e-2,74.15,34064.17652941305,35.00954035675956,34062.98400000003,1,88.27343172781667
MAT-POS-2db6411e-2,74.15,34077.51582948047,426.6164549893311,34062.98400000003,1,0.0
MAT-POS-2db6411e-2,74.15,34103.02239595273,1175.422445452672,34062.98400000003,1,0.0
MAT-POS-2db6411e-2,74.15,34329.61771131434,1.610521769008618,34329.67300000003,2,8.977897568295678
MAT-POS-2db6411e-2,74.15,34477.96942712277,3422.110477317424,34596.36200000004,3,0.0
MAT-POS-2db6411e-2,194.16,33827.903151249295,935.254922152268,33796.295000000035,0,0.0
MAT-POS-2db6411e-2,194.16,34051.69615344948,331.38161209119,34062.98400000003,1,0.0
MAT-POS-2db6411e-2,194.16,34063.367196125284,11.249634654757,34062.98400000003,1,82.83800491303413
MAT-POS-2db6411e-2,194.16,34071.95330949785,263.3154364225343,34062.98400000003,1,0.0
MAT-POS-2db6411e-2,194.16,34100.4727119011,1100.5703992658791,34062.98400000003,1,0.0
MAT-POS-2db6411e-2,194.16,34125.988105469434,1849.6355301520573,34062.98400000003,1,0.0
MAT-POS-2db6411e-2,194.16,34330.33979814455,19.423375938382097,34329.67300000003,2,7.71647320740337
MAT-POS-2db6411e-2,194.16,34477.14035967885,3446.074483819595,34596.36200000004,3,0.0
MAT-POS-2db6411e-2,17.62,33796.165005336035,3.846417602853839,33796.295000000035,0,0.0
MAT-POS-2db6411e-2,17.62,33828.14198918509,942.3219079208097,33796.295000000035,0,0.0
MAT-POS-2db6411e-2,17.62,34063.097794707755,3.3407145927750577,34062.98400000003,1,62.05894358025433
MAT-POS-2db6411e-2,17.62,34084.432559044675,629.6735202248284,34062.98400000003,1,0.0
MAT-POS-2db6411e-2,17.62,34102.74220911809,1167.196893791198,34062.98400000003,1,0.0
MAT-POS-2db6411e-2,17.62,34208.890997702234,3518.297488525378,34329.67300000003,2,0.0
MAT-POS-2db6411e-2,17.62,34329.91927764452,7.17390009768358,34329.67300000003,2,3.980692264478329
MAT-POS-2db6411e-2,17.62,34477.72468049084,3429.184823224896,34596.36200000004,3,0.0
MAT-POS-2db6411e-2,74.63,33793.68268352613,77.29594246658613,33796.295000000035,0,0.0
MAT-POS-2db6411e-2,74.63,33827.87042375201,934.2865468529089,33796.295000000035,0,0.0
MAT-POS-2db6411e-2,74.63,34063.20765396422,6.5658946435519985,34062.98400000003,1,87.6373545608607
MAT-POS-2db6411e-2,74.63,34071.78539131472,258.3857983400995,34062.98400000003,1,0.0
MAT-POS-2db6411e-2,74.63,34084.829123678704,641.3156192854786,34062.98400000003,1,0.0
MAT-POS-2db6411e-2,74.63,34103.864696092234,1200.1501715821805,34062.98400000003,1,0.0
MAT-POS-2db6411e-2,74.63,34330.194104781054,15.179427459812562,34329.67300000003,2,9.00178230167666
MAT-POS-2db6411e-2,74.63,34477.59592448833,3432.9064862863397,34596.36200000004,3,0.0
MAT-POS-2db6411e-2,194.64,33827.53160020842,924.2610827129782,33796.295000000035,0,0.0
MAT-POS-2db6411e-2,194.64,34051.451075718214,338.57645242762175,34062.98400000003,1,0.0
MAT-POS-2db6411e-2,194.64,34063.3225809,9.939848486746577,34062.98400000003,1,84.66090978911872
MAT-POS-2db6411e-2,194.64,34072.28832090462,273.15049393753463,34062.98400000003,1,0.0
MAT-POS-2db6411e-2,194.64,34101.543402551644,1132.0030726495097,34062.98400000003,1,0.0
MAT-POS-2db6411e-2,194.64,34111.3461761831,1419.786833210661,34062.98400000003,1,0.0
MAT-POS-2db6411e-2,194.64,34327.84944429255,53.11893613086286,34329.67300000003,2,7.394103852600148
MAT-POS-2db6411e-2,194.64,34476.87867230215,3453.63849811404,34596.36200000004,3,0.0
LON-WEI-adc59df6-30,18.33,33710.216882614775,2546.969050461276,33796.295000000035,0,0.0
LON-WEI-adc59df6-30,18.33,33796.054259091994,7.123292894697677,33796.295000000035,0,0.0
LON-WEI-adc59df6-30,18.33,33816.586493898685,600.4058698934452,33796.295000000035,0,0.0
LON-WEI-adc59df6-30,18.33,33827.321789958056,918.0529983544416,33796.295000000035,0,0.0
LON-WEI-adc59df6-30,18.33,34161.896836960754,3.654288211985346,34161.77200000003,1,37.4983704985093
LON-WEI-adc59df6-30,18.33,34181.67389399669,582.577917698631,34161.77200000003,1,0.0
LON-WEI-adc59df6-30,75.35,33795.4141334398,26.063997850465494,33796.295000000035,0,0.0
LON-WEI-adc59df6-30,75.35,33805.81644243173,281.7303622096619,33796.295000000035,0,0.0
LON-WEI-adc59df6-30,75.35,33828.587998936266,955.5189092837242,33796.295000000035,0,0.0
LON-WEI-adc59df6-30,75.35,34153.931601475495,229.50795774114428,34161.77200000003,1,0.0
LON-WEI-adc59df6-30,75.35,34161.990323089056,6.390859614141373,34161.77200000003,1,86.20380585078819
LON-WEI-adc59df6-30,75.35,34170.001640357514,240.90203393079508,34161.77200000003,1,0.0
LON-WEI-adc59df6-30,75.35,34199.22763904374,1096.419677635763,34161.77200000003,1,0.0
LON-WEI-adc59df6-30,75.35,34221.52933381207,1749.2457303454448,34161.77200000003,1,0.0
LON-WEI-adc59df6-30,195.35,33779.93496913258,484.07764423460213,33796.295000000035,0,0.0
LON-WEI-adc59df6-30,195.35,33793.19381407419,91.76112132537924,33796.295000000035,0,0.0
LON-WEI-adc59df6-30,195.35,33828.800514937844,961.8070542291532,33796.295000000035,0,0.0
LON-WEI-adc59df6-30,195.35,34127.21554245005,1011.5534273216592,34161.77200000003,1,0.0
LON-WEI-adc59df6-30,195.35,34154.0926980473,224.79226056342145,34161.77200000003,1,0.0
LON-WEI-adc59df6-30,195.35,34162.13126804934,10.516669021423153,34161.77200000003,1,94.59662873853924
LON-WEI-adc59df6-30,195.35,34210.88945334748,1437.7899761009962,34161.77200000003,1,0.0
LON-WEI-adc59df6-30,195.35,34222.47481902966,1776.9224333452582,34161.77200000003,1,0.0
LON-WEI-adc59df6-30,18.8,33796.0275979941,7.912169246210412,33796.295000000035,0,0.0
LON-WEI-adc59df6-30,18.8,33816.0800172547,585.4197110857194,33796.295000000035,0,0.0
LON-WEI-adc59df6-30,18.8,33827.192718316146,914.2338920911714,33796.295000000035,0,0.0
LON-WEI-adc59df6-30,18.8,34161.47901725171,8.576333461975949,34161.77200000003,1,36.60347259261279
LON-WEI-adc59df6-30,18.8,34182.2633847563,599.8337778340025,34161.77200000003,1,0.0
LON-WEI-adc59df6-30,75.82,33714.011840181294,2434.6798907614075,33796.295000000035,0,0.0
LON-WEI-adc59df6-30,75.82,33780.923315596876,454.8334189637861,33796.295000000035,0,0.0
LON-WEI-adc59df6-30,75.82,33796.08701030739,6.154215799226877,33796.295000000035,0,0.0
LON-WEI-adc59df6-30,75.82,33829.47915657576,981.8874103131024,33796.295000000035,0,0.0
LON-WEI-adc59df6-30,75.82,34118.79066866084,1258.1704291918238,34161.77200000003,1,0.0
LON-WEI-adc59df6-30,75.82,34161.982091566635,6.149902487537148,34161.77200000003,1,87.83949843873205
LON-WEI-adc59df6-30,75.82,34169.99451875141,240.69356681427104,34161.77200000003,1,0.0
LON-WEI-adc59df6-30,75.82,34203.27965067128,1215.0321321517802,34161.77200000003,1,0.0
LON-WEI-adc59df6-30,75.82,34767.7457762841,3581.8417774504333,34892.72600000003,3,0.0
LON-WEI-adc59df6-30,75.82,34798.92899599726,2688.153513794596,34892.72600000003,3,0.0
LON-WEI-adc59df6-30,75.82,34818.33340658532,2132.037302408296,34892.72600000003,3,0.0
LON-WEI-adc59df6-30,195.82,33795.11842004578,34.813873954391426,33796.295000000035,0,0.0
LON-WEI-adc59df6-30,195.82,33830.09534546043,1000.1198492437336,33796.295000000035,0,0.0
LON-WEI-adc59df6-30,195.82,34119.12064900837,1248.511084017016,34161.77200000003,1,0.0
LON-WEI-adc59df6-30,195.82,34150.19251484096,338.96031971281445,34161.77200000003,1,0.0
LON-WEI-adc59df6-30,195.82,34161.86892794284,2.8373218698959164,34161.77200000003,1,96.9109065247547
LON-WEI-adc59df6-30,195.82,34170.90414576667,267.3206110805518,34161.77200000003,1,0.0
LON-WEI-adc59df6-30,195.82,34183.187635996066,626.8889095106802,34161.77200000003,1,0.0
LON-WEI-adc59df6-30,195.82,34199.61638741955,1107.7993091082774,34161.77200000003,1,0.0
LON-WEI-adc59df6-30,195.82,34218.5656799787,1662.492214357889,34161.77200000003,1,0.0
LON-WEI-adc59df6-23,19.51,33796.200352061176,2.8005418599447944,33796.295000000035,0,0.0
LON-WEI-adc59df6-23,19.51,33816.25777568479,590.6794127804503,33796.295000000035,0,0.0
LON-WEI-adc59df6-23,19.51,33825.62123091864,867.7350851211037,33796.295000000035,0,0.0
LON-WEI-adc59df6-23,19.51,34241.97957394995,4.28055209305216,34241.833000000035,1,27.102873286028803
LON-WEI-adc59df6-23,76.52,33795.81273171066,14.26985678080567,33796.295000000035,0,0.0
LON-WEI-adc59df6-23,76.52,33829.186829135935,973.2377213508299,33796.295000000035,0,0.0
LON-WEI-adc59df6-23,76.52,34242.10898325173,8.05982704537877,34241.833000000035,1,84.7088644258823
LON-WEI-adc59df6-23,76.52,34272.54713513416,896.9769560562648,34241.833000000035,1,0.0
LON-WEI-adc59df6-23,76.52,34283.09650248583,1205.0611451143818,34241.833000000035,1,0.0
LON-WEI-adc59df6-23,76.52,34654.007882446465,961.823182090397,34687.371000000036,2,0.0
LON-WEI-adc59df6-23,76.52,34796.06956767051,3133.664055153432,34687.371000000036,2,0.0
LON-WEI-adc59df6-23,76.52,34821.177000386604,3857.484627087142,34687.371000000036,2,0.0
LON-WEI-adc59df6-23,76.52,34831.46743096826,4154.146792163173,34687.371000000036,2,0.0
LON-WEI-adc59df6-23,76.52,34853.15298306831,4779.318186675805,34687.371000000036,2,0.0
LON-WEI-adc59df6-23,196.52,33794.612615734724,49.78013907471946,33796.295000000035,0,0.0
LON-WEI-adc59df6-23,196.52,33828.43953669498,951.1260537567297,33796.295000000035,0,0.0
LON-WEI-adc59df6-23,196.52,34242.06237996232,6.698822527571685,34241.833000000035,1,97.10270739059969
LON-WEI-adc59df6-23,196.52,34249.20955874051,215.4253465484096,34241.833000000035,1,0.0
LON-WEI-adc59df6-23,196.52,34283.554222079074,1218.4284082875706,34241.833000000035,1,0.0
LON-WEI-adc59df6-23,196.52,34825.54333081392,3983.361287711382,34687.371000000036,2,0.0
LON-WEI-adc59df6-23,196.52,34852.634829069415,4764.380358182211,34687.371000000036,2,0.0
LON-WEI-adc59df6-23,19.98,33796.16497070349,3.847442346746192,33796.295000000035,0,0.0
LON-WEI-adc59df6-23,19.98,33816.28839580937,591.5854329398775,33796.295000000035,0,0.0
LON-WEI-adc59df6-23,19.98,33826.779419875864,902.0047870877313,33796.295000000035,0,0.0
LON-WEI-adc59df6-23,19.98,34210.947926862704,901.9690370352346,34241.833000000035,1,0.0
LON-WEI-adc59df6-23,19.98,34242.10264505703,7.874726127917434,34241.833000000035,1,27.12248915155681
LON-WEI-adc59df6-23,77.0,33795.89589098407,11.809253527985382,33796.295000000035,0,0.0
LON-WEI-adc59df6-23,77.0,33830.48202632281,1011.5613656105085,33796.295000000035,0,0.0
LON-WEI-adc59df6-23,77.0,34227.64514075686,414.34286660924033,34241.833000000035,1,0.0
LON-WEI-adc59df6-23,77.0,34241.950184634356,3.422265225125004,34241.833000000035,1,79.28756629484374
LON-WEI-adc59df6-23,77.0,34249.205616411746,215.31021460535177,34241.833000000035,1,0.0
LON-WEI-adc59df6-23,77.0,34275.97330940198,997.03510036825,34241.833000000035,1,0.0
LON-WEI-adc59df6-23,77.0,34305.79079307346,1867.8262075930054,34241.833000000035,1,0.0
LON-WEI-adc59df6-23,77.0,34655.9396311224,906.1329230640821,34687.371000000036,2,0.0
LON-WEI-adc59df6-23,77.0,34820.84409772878,3847.887397656833,34687.371000000036,2,0.0
LON-WEI-adc59df6-23,196.99,33792.72315413054,105.68749827451009,33796.295000000035,0,0.0
LON-WEI-adc59df6-23,196.99,33830.13078153671,1001.1683688012604,33796.295000000035,0,0.0
LON-WEI-adc59df6-23,196.99,34211.711889660866,879.6582338091765,34241.833000000035,1,0.0
LON-WEI-adc59df6-23,196.99,34242.258837107176,12.436165643964733,34241.833000000035,1,96.72222913849578
LON-WEI-adc59df6-23,196.99,34277.52707985422,1042.4114811313873,34241.833000000035,1,0.0
LON-WEI-adc59df6-23,196.99,34656.18252743628,899.1304807665405,34687.371000000036,2,0.0
LON-WEI-adc59df6-23,196.99,34791.94814241061,3014.8477499369096,34687.371000000036,2,0.0
LON-WEI-adc59df6-23,196.99,34821.51734212366,3867.296317256954,34687.371000000036,2,0.0
LON-WEI-adc59df6-10,20.69,33796.00282292018,8.645239954753272,33796.295000000035,0,0.0
LON-WEI-adc59df6-10,20.69,33826.990581135324,908.2528465114023,33796.295000000035,0,0.0
LON-WEI-adc59df6-10,20.69,34221.559557328736,9.743548414964485,34221.89300000003,1,55.95395334146507
LON-WEI-adc59df6-10,20.69,34241.44156498648,571.2297968569264,34221.89300000003,1,0.0
LON-WEI-adc59df6-10,77.7,33681.01463292159,3411.035649867578,33796.295000000035,0,0.0
LON-WEI-adc59df6-10,77.7,33794.97690561382,39.00115045797549,33796.295000000035,0,0.0
LON-WEI-adc59df6-10,77.7,33828.96347854757,966.628991359473,33796.295000000035,0,0.0
LON-WEI-adc59df6-10,77.7,34221.45262541713,12.86821225535482,34221.89300000003,1,91.61941649984128
LON-WEI-adc59df6-10,77.7,34244.26805106814,653.8227171742269,34221.89300000003,1,0.0
LON-WEI-adc59df6-10,77.7,34266.20874088982,1294.9529381612394,34221.89300000003,1,0.0
LON-WEI-adc59df6-10,77.7,34285.138145335666,1848.090207506445,34221.89300000003,1,0.0
LON-WEI-adc59df6-10,77.7,34498.91461944986,4288.229140464377,34647.49100000004,2,0.0
LON-WEI-adc59df6-10,197.7,33794.20531925741,61.831651742452934,33796.295000000035,0,0.0
LON-WEI-adc59df6-10,197.7,33827.621930040026,926.9338559150207,33796.295000000035,0,0.0
LON-WEI-adc59df6-10,197.7,34222.54921689946,19.17535360851656,34221.89300000003,1,96.20942959872563
LON-WEI-adc59df6-10,197.7,34236.2350585032,419.0901567943899,34221.89300000003,1,0.0
LON-WEI-adc59df6-10,197.7,34285.784841064546,1866.9873424159437,34221.89300000003,1,0.0
LON-WEI-adc59df6-10,21.16,33713.160055036824,2459.883397372719,33796.295000000035,0,0.0
LON-WEI-adc59df6-10,21.16,33796.09727171597,5.850590547488264,33796.295000000035,0,0.0
LON-WEI-adc59df6-10,21.16,33827.90814395237,935.402651454481,33796.295000000035,0,0.0
LON-WEI-adc59df6-10,21.16,34221.569635381966,9.449057013502703,34221.89300000003,1,55.4063057326776
LON-WEI-adc59df6-10,21.16,34242.355589093546,597.9385504335797,34221.89300000003,1,0.0
LON-WEI-adc59df6-10,21.16,34264.06961106045,1232.4452963608655,34221.89300000003,1,0.0
LON-WEI-adc59df6-10,78.19,33796.22640621993,2.029624256229088,33796.295000000035,0,0.0
LON-WEI-adc59df6-10,78.19,33829.183644417026,973.1434885685286,33796.295000000035,0,0.0
LON-WEI-adc59df6-10,78.19,34222.67360082959,22.809983935116072,34221.89300000003,1,95.50715177219884
LON-WEI-adc59df6-10,78.19,34244.724373236364,667.1569347823994,34221.89300000003,1,0.0
LON-WEI-adc59df6-10,78.19,34823.8251716188,5089.377802818796,34647.49100000004,2,0.0
LON-WEI-adc59df6-10,198.18,33793.87363676554,71.64581900170205,33796.295000000035,0,0.0
LON-WEI-adc59df6-10,198.18,33828.72121646985,959.4606885108461,33796.295000000035,0,0.0
LON-WEI-adc59df6-10,198.18,34202.70351666341,560.7370503035612,34221.89300000003,1,0.0
LON-WEI-adc59df6-10,198.18,34221.530011863055,10.606898250133227,34221.89300000003,1,95.38685775143587
LON-WEI-adc59df6-10,198.18,34247.112535416425,736.9415659265925,34221.89300000003,1,0.0
LON-WEI-adc59df6-10,198.18,34284.88084343978,1840.5715732834205,34221.89300000003,1,0.0
LON-WEI-adc59df6-3,21.86,33796.03465605489,7.703327987323982,33796.295000000035,0,0.0
LON-WEI-adc59df6-3,21.86,33827.73453572093,930.2657501626221,33796.295000000035,0,0.0
LON-WEI-adc59df6-3,21.86,34148.02791906273,8.285146287161682,34147.74500000003,1,51.40388866686078
LON-WEI-adc59df6-3,21.86,34168.62166726807,611.3629836475527,34147.74500000003,1,0.0
LON-WEI-adc59df6-3,21.86,34498.01598725254,34.17507995464868,34499.195000000036,2,1.054497955636562
LON-WEI-adc59df6-3,78.88,33796.20242728087,2.739138096773892,33796.295000000035,0,0.0
LON-WEI-adc59df6-3,78.88,33805.59743807374,275.25023301235365,33796.295000000035,0,0.0
LON-WEI-adc59df6-3,78.88,33827.120851024454,912.1074077622859,33796.295000000035,0,0.0
LON-WEI-adc59df6-3,78.88,34104.34491007755,1270.950392843941,34147.74500000003,1,0.0
LON-WEI-adc59df6-3,78.88,34130.95850945743,491.5841600258851,34147.74500000003,1,0.0
LON-WEI-adc59df6-3,78.88,34148.0785268197,9.767169681860253,34147.74500000003,1,90.5391209015298
LON-WEI-adc59df6-3,78.88,34171.07699785944,683.2661383470015,34147.74500000003,1,0.0
LON-WEI-adc59df6-3,78.88,34185.8291172971,1115.2747362107966,34147.74500000003,1,0.0
LON-WEI-adc59df6-3,198.88,33794.8018871308,44.17977974311382,33796.295000000035,0,0.0
LON-WEI-adc59df6-3,198.88,33828.494172071885,952.7426622311881,33796.295000000035,0,0.0
LON-WEI-adc59df6-3,198.88,34148.33272106286,17.211123687125035,34147.74500000003,1,94.66701996832086
LON-WEI-adc59df6-3,198.88,34820.656916740816,860.4742683877748,34850.64500000003,3,0.0
LON-WEI-adc59df6-3,22.34,33796.179960364796,3.4039126252935423,33796.295000000035,0,0.0
LON-WEI-adc59df6-3,22.34,33816.492098832736,597.6128103006894,33796.295000000035,0,0.0
LON-WEI-adc59df6-3,22.34,33827.96481723562,937.0795596257728,33796.295000000035,0,0.0
LON-WEI-adc59df6-3,22.34,34147.884137151465,4.0745633842822,34147.74500000003,1,52.19359717104352
LON-WEI-adc59df6-3,22.34,34167.03794228453,564.9843725990469,34147.74500000003,1,0.0
LON-WEI-adc59df6-3,79.36,33795.97219731118,9.551422392711936,33796.295000000035,0,0.0
LON-WEI-adc59df6-3,79.36,33829.42022695709,980.1437393375243,33796.295000000035,0,0.0
LON-WEI-adc59df6-3,79.36,34148.1174339645,10.906546375716898,34147.74500000003,1,90.80508725283333
LON-WEI-adc59df6-3,79.36,34158.89735637124,326.59129823098897,34147.74500000003,1,0.0
LON-WEI-adc59df6-3,79.36,34170.70786518339,672.4562685868551,34147.74500000003,1,0.0
LON-WEI-adc59df6-3,79.36,34189.58840255167,1225.3635650506305,34147.74500000003,1,0.0
LON-WEI-adc59df6-3,199.35,33792.96615503924,98.49733412474652,33796.295000000035,0,0.0
LON-WEI-adc59df6-3,199.35,33827.56050654086,925.1163934042257,33796.295000000035,0,0.0
LON-WEI-adc59df6-3,199.35,34117.87131228059,874.8363243147892,34147.74500000003,1,0.0
LON-WEI-adc59df6-3,199.35,34148.05424760496,9.05616476074202,34147.74500000003,1,94.49097537591132
LON-WEI-adc59df6-3,199.35,34169.098093402106,625.3148898140879,34147.74500000003,1,0.0
LON-WEI-adc59df6-3,199.35,34212.855332369065,1906.724217632323,34147.74500000003,1,0.0
LON-WEI-adc59df6-17,23.04,33712.495805505794,2479.537904798157,33796.295000000035,0,0.0
LON-WEI-adc59df6-17,23.04,33795.898016045394,11.746374998819997,33796.295000000035,0,0.0
LON-WEI-adc59df6-17,23.04,33816.88801725745,609.3276572895141,33796.295000000035,0,0.0
LON-WEI-adc59df6-17,23.04,33826.47359214628,892.9556374816614,33796.295000000035,0,0.0
LON-WEI-adc59df6-17,23.04,34208.02766090226,4.725840022407626,34207.86600000004,1,55.448358896947376
LON-WEI-adc59df6-17,23.04,34229.55425468828,634.0136706639543,34207.86600000004,1,0.0
LON-WEI-adc59df6-17,80.06,33793.576739603115,80.43072167879649,33796.295000000035,0,0.0
LON-WEI-adc59df6-17,80.06,33829.019637368925,968.2906770961245,33796.295000000035,0,0.0
LON-WEI-adc59df6-17,80.06,33849.057089492184,1561.179694169115,33796.295000000035,0,0.0
LON-WEI-adc59df6-17,80.06,34125.56394993852,2405.9393258122723,34207.86600000004,1,0.0
LON-WEI-adc59df6-17,80.06,34148.248084336126,1742.8130612974157,34207.86600000004,1,0.0
LON-WEI-adc59df6-17,80.06,34170.591019283085,1089.6610948181612,34207.86600000004,1,0.0
LON-WEI-adc59df6-17,80.06,34198.15749318335,283.8091922099217,34207.86600000004,1,0.0
LON-WEI-adc59df6-17,80.06,34206.63864301723,35.8793788191963,34207.86600000004,1,91.46738119112001
LON-WEI-adc59df6-17,80.06,34221.67936959713,403.80682025268817,34207.86600000004,1,0.0
LON-WEI-adc59df6-17,80.06,34248.79812368071,1196.5705104396677,34207.86600000004,1,0.0
LON-WEI-adc59df6-17,200.06,33829.45079592916,981.0482459430528,33796.295000000035,0,0.0
LON-WEI-adc59df6-17,200.06,34126.70983350255,2372.441662905453,34207.86600000004,1,0.0
LON-WEI-adc59df6-17,200.06,34198.17558420466,283.2803366154402,34207.86600000004,1,0.0
LON-WEI-adc59df6-17,200.06,34206.67118925174,34.92795336302856,34207.86600000004,1,93.54143080519938
LON-WEI-adc59df6-17,200.06,34222.37222239744,424.0610155980456,34207.86600000004,1,0.0
LON-WEI-adc59df6-17,200.06,34248.95856701551,1201.260757261746,34207.86600000004,1,0.0
LON-WEI-adc59df6-17,200.06,34798.22006408449,5164.239501770488,34619.437000000034,2,0.0
LON-WEI-adc59df6-17,200.06,34819.63904124357,5782.937522743004,34619.437000000034,2,0.0
LON-WEI-adc59df6-17,23.52,33795.96123096068,9.875906200746956,33796.295000000035,0,0.0
LON-WEI-adc59df6-17,23.52,33828.46917165039,952.0029237037052,33796.295000000035,0,0.0
LON-WEI-adc59df6-17,23.52,34207.971011683454,3.06981100241085,34207.86600000004,1,57.20333245755102
LON-WEI-adc59df6-17,23.52,34227.779314513,582.1267691167842,34207.86600000004,1,0.0
LON-WEI-adc59df6-17,23.52,34249.583009999995,1219.515125554941,34207.86600000004,1,0.0
LON-WEI-adc59df6-17,80.55,33796.81574932073,15.408473641802647,33796.295000000035,0,0.0
LON-WEI-adc59df6-17,80.55,33812.424931431604,477.269222308814,33796.295000000035,0,0.0
LON-WEI-adc59df6-17,80.55,33828.81013225715,962.091621496327,33796.295000000035,0,0.0
LON-WEI-adc59df6-17,80.55,34160.07044321092,1397.2095420719465,34207.86600000004,1,0.0
LON-WEI-adc59df6-17,80.55,34188.991177625714,551.7684843107173,34207.86600000004,1,0.0
LON-WEI-adc59df6-17,80.55,34207.59190809517,8.01254029896249,34207.86600000004,1,91.87191881574246
LON-WEI-adc59df6-17,80.55,34221.790009886885,407.0411725433778,34207.86600000004,1,0.0
LON-WEI-adc59df6-17,80.55,34241.549563326844,984.6730376810282,34207.86600000004,1,0.0
LON-WEI-adc59df6-17,80.55,34251.11947462907,1264.430661328975,34207.86600000004,1,0.0
LON-WEI-adc59df6-17,80.55,34826.95499663856,5824.925259400972,35031.00800000004,3,0.0
LON-WEI-adc59df6-17,200.53,33793.49227577211,82.92992554147372,33796.295000000035,0,0.0
LON-WEI-adc59df6-17,200.53,33828.43091085239,950.8708233359251,33796.295000000035,0,0.0
LON-WEI-adc59df6-17,200.53,34191.4972251523,478.50909050388174,34207.86600000004,1,0.0
LON-WEI-adc59df6-17,200.53,34208.12179869314,7.477774062222059,34207.86600000004,1,97.83160967802836
LON-WEI-adc59df6-17,200.53,34221.80053606085,407.34888463411016,34207.86600000004,1,0.0
LON-WEI-adc59df6-17,200.53,34245.15478553808,1090.0646517394414,34207.86600000004,1,0.0
LON-WEI-adc59df6-17,200.53,34815.377098935955,5659.829157126961,34619.437000000034,2,0.0
positive control : ebselen,24.21,33796.14757774542,4.3620833176147125,33796.295000000035,0,0.0
positive control : ebselen,24.21,33816.07213426602,585.1864610006351,33796.295000000035,0,0.0
positive control : ebselen,24.21,34210.789037455725,3781.755327054776,34340.657000000036,2,0.0
positive control : ebselen,81.23,33757.77574777854,1139.7477806810743,33796.295000000035,0,0.0
positive control : ebselen,81.23,33785.58314814817,316.95343681494836,33796.295000000035,0,0.0
positive control : ebselen,81.23,33796.25985176282,1.0400026752469214,33796.295000000035,0,0.0
positive control : ebselen,81.23,33818.86938050707,667.9542981571748,33796.295000000035,0,0.0
positive control : ebselen,81.23,33828.67499474006,958.0930317961092,33796.295000000035,0,0.0
positive control : ebselen,81.23,34210.6165435684,3786.778349395993,34340.657000000036,2,0.0
positive control : ebselen,201.24,33785.9878448835,304.9788480226595,33796.295000000035,0,0.0
positive control : ebselen,201.24,33796.21215428631,2.4513253220497755,33796.295000000035,0,0.0
positive control : ebselen,201.24,33818.42577544431,654.828449221284,33796.295000000035,0,0.0
positive control : ebselen,201.24,33828.25985339222,945.8093969231334,33796.295000000035,0,0.0
positive control : ebselen,201.24,33843.26994933798,1389.9437597506528,33796.295000000035,0,0.0
positive control : ebselen,201.24,34209.836987625386,3809.479020003897,34340.657000000036,2,0.0
positive control : ebselen,24.69,33796.219298675234,2.239929696445139,33796.295000000035,0,0.0
positive control : ebselen,24.69,33816.30440232507,592.0590504087763,33796.295000000035,0,0.0
positive control : ebselen,24.69,34210.686376368554,3784.7448181169425,34340.657000000036,2,0.0
positive control : ebselen,81.7,33796.17371318514,3.5887606879428535,33796.295000000035,0,0.0
positive control : ebselen,81.7,33821.93841756853,758.764165376677,33796.295000000035,0,0.0
positive control : ebselen,81.7,33830.80253465314,1021.0449001320534,33796.295000000035,0,0.0
positive control : ebselen,81.7,34210.329375465524,3795.1406851217575,34340.657000000036,2,0.0
positive control : ebselen,201.71,33785.71533586467,313.0421288891672,33796.295000000035,0,0.0
positive control : ebselen,201.71,33796.216409284294,2.325424006997644,33796.295000000035,0,0.0
positive control : ebselen,201.71,33808.09386547293,349.1171287532516,33796.295000000035,0,0.0
positive control : ebselen,201.71,33826.17571484832,884.1417335328712,33796.295000000035,0,0.0
positive control : ebselen,201.71,33847.40035509302,1512.1585100670466,33796.295000000035,0,0.0
positive control : ebselen,201.71,34210.46384620379,3791.2248969565276,34340.657000000036,2,0.0
negative control : dmso,25.4,33796.17385501075,3.5845642040682666,33796.295000000035,0,0.0
negative control : dmso,25.4,33816.277850114275,591.2733959222488,33796.295000000035,0,0.0
negative control : dmso,25.4,34034.384035049356,7044.826512767767,33796.295000000035,0,0.0
negative control : dmso,25.4,34210.24854889894,12248.489039964454,33796.295000000035,0,0.0
negative control : dmso,82.41,33796.302739267056,0.22899749871848224,33796.295000000035,0,0.0
negative control : dmso,82.41,33818.38980605466,653.7641494320261,33796.295000000035,0,0.0
negative control : dmso,82.41,33828.55627816736,954.5803221129207,33796.295000000035,0,0.0
negative control : dmso,82.41,34210.21358491154,12247.454489064601,33796.295000000035,0,0.0
negative control : dmso,202.41,33796.32305855452,0.8302257535156865,33796.295000000035,0,0.0
negative control : dmso,202.41,33818.288100456986,650.7547782072452,33796.295000000035,0,0.0
negative control : dmso,202.41,33828.59820196792,955.8208072182667,33796.295000000035,0,0.0
negative control : dmso,202.41,34211.54167252158,12286.751329444289,33796.295000000035,0,0.0
negative control : dmso,25.87,33796.18501750088,3.2542768121264323,33796.295000000035,0,0.0
negative control : dmso,25.87,33816.24638976821,590.3425144139443,33796.295000000035,0,0.0
negative control : dmso,25.87,34034.6925134805,7053.954094094156,33796.295000000035,0,0.0
negative control : dmso,25.87,34210.526859996906,12256.723998795453,33796.295000000035,0,0.0
negative control : dmso,82.89,33796.35130081495,1.66588719024848,33796.295000000035,0,0.0
negative control : dmso,82.89,33804.213656333435,234.3054566602809,33796.295000000035,0,0.0
negative control : dmso,82.89,33818.35767877911,652.8135341189083,33796.295000000035,0,0.0
negative control : dmso,82.89,33828.764545745,960.7427602630219,33796.295000000035,0,0.0
negative control : dmso,82.89,34211.18654273782,12276.243379275347,33796.295000000035,0,0.0
negative control : dmso,202.9,33785.465170951145,320.4442690800637,33796.295000000035,0,0.0
negative control : dmso,202.9,33796.28473942603,0.3036005574883651,33796.295000000035,0,0.0
negative control : dmso,202.9,33807.40196949086,328.6445893202769,33796.295000000035,0,0.0
negative control : dmso,202.9,33821.656677113984,750.4277351688854,33796.295000000035,0,0.0
negative control : dmso,202.9,33831.1641587209,1031.7450099446344,33796.295000000035,0,0.0
negative control : dmso,202.9,33864.314946848346,2012.6450798323144,33796.295000000035,0,0.0
negative control : dmso,202.9,34210.76269696427,12263.702188782478,33796.295000000035,0,0.0
negative control : no dmso,26.58,33796.20776721551,2.5811345453153596,33796.295000000035,0,0.0
negative control : no dmso,26.58,33817.69695122296,633.2632385570037,33796.295000000035,0,0.0
negative control : no dmso,26.58,34034.849106769776,7058.587539543642,33796.295000000035,0,0.0
negative control : no dmso,26.58,34209.56474360285,12228.25589618084,33796.295000000035,0,0.0
negative control : no dmso,83.6,33796.27151017273,0.6950414921141278,33796.295000000035,0,0.0
negative control : no dmso,83.6,33807.498365440195,331.49685313612804,33796.295000000035,0,0.0
negative control : no dmso,83.6,33826.30423092644,887.9444011956724,33796.295000000035,0,0.0
negative control : no dmso,83.6,33858.29519220955,1834.526305605923,33796.295000000035,0,0.0
negative control : no dmso,83.6,34210.32248654544,12250.676784109159,33796.295000000035,0,0.0
negative control : no dmso,203.59,33757.155749942285,1158.092922841081,33796.295000000035,0,0.0
negative control : no dmso,203.59,33796.34912715365,1.6015706340911238,33796.295000000035,0,0.0
negative control : no dmso,203.59,33817.8564255953,637.9819324949013,33796.295000000035,0,0.0
negative control : no dmso,203.59,33828.30010450386,947.000388765311,33796.295000000035,0,0.0
negative control : no dmso,203.59,34209.494802548055,12226.18640735679,33796.295000000035,0,0.0
negative control : no dmso,27.05,33796.14964680803,4.3008617366232516,33796.295000000035,0,0.0
negative control : no dmso,27.05,33816.326304400245,592.7071118360898,33796.295000000035,0,0.0
negative control : no dmso,27.05,34033.96310961119,7032.371732201909,33796.295000000035,0,0.0
negative control : no dmso,27.05,34210.83603790951,12265.87227710834,33796.295000000035,0,0.0
negative control : no dmso,84.07,33785.56814235488,317.3974438663572,33796.295000000035,0,0.0
negative control : no dmso,84.07,33796.274983229676,0.5922770634704025,33796.295000000035,0,0.0
negative control : no dmso,84.07,33817.7191063528,633.9187876294156,33796.295000000035,0,0.0
negative control : no dmso,84.07,33828.418591281414,950.5062990300864,33796.295000000035,0,0.0
negative control : no dmso,84.07,34210.994713738066,12270.567342900482,33796.295000000035,0,0.0
negative control : no dmso,204.08,33785.81308451554,310.14983993054244,33796.295000000035,0,0.0
negative control : no dmso,204.08,33796.313598272194,0.5503050603499345,33796.295000000035,0,0.0
negative control : no dmso,204.08,33807.611689390884,334.85000029882553,33796.295000000035,0,0.0
negative control : no dmso,204.08,33828.69120161786,958.5725777877889,33796.295000000035,0,0.0
negative control : no dmso,204.08,34210.249950490535,12248.530511717345,33796.295000000035,0,0.0
